{
  "profile": "glazy_v1",
  "oxide_molar_masses": {
    "Al2O3": 101.96137,
    "B2O3": 69.6217,
    "BaO": 153.3271,
    "BeO": 25.01158,
    "CaO": 56.0778,
    "CdO": 128.4104,
    "CoO": 74.93263,
    "Cr2O3": 151.99061,
    "Cu2O": 143.0914,
    "CuO": 79.5454,
    "Fe2O3": 159.6887,
    "FeO": 71.8446,
    "K2O": 94.19605,
    "Li2O": 29.8818,
    "MgO": 40.30449,
    "MnO": 70.93748,
    "MnO2": 86.93691,
    "Na2O": 61.97897,
    "NiO": 74.69287,
    "P2O5": 141.94467,
    "PbO": 223.2094,
    "SiO2": 60.08439,
    "SnO2": 150.7096,
    "SrO": 103.6204,
    "TiO2": 79.866,
    "V2O5": 181.88,
    "ZnO": 81.3814,
    "ZrO": 107.2234,
    "ZrO2": 123.2231
  },
  "generated": "2026-01-22"
}